-- phpMyAdmin SQL Dump
-- version 4.6.5.2
-- https://www.phpmyadmin.net/
--
-- Host: 127.0.0.1
-- Generation Time: Jun 20, 2020 at 09:45 AM
-- Server version: 10.1.21-MariaDB
-- PHP Version: 7.1.1

SET SQL_MODE = "NO_AUTO_VALUE_ON_ZERO";
SET time_zone = "+00:00";


/*!40101 SET @OLD_CHARACTER_SET_CLIENT=@@CHARACTER_SET_CLIENT */;
/*!40101 SET @OLD_CHARACTER_SET_RESULTS=@@CHARACTER_SET_RESULTS */;
/*!40101 SET @OLD_COLLATION_CONNECTION=@@COLLATION_CONNECTION */;
/*!40101 SET NAMES utf8mb4 */;

--
-- Database: `db_sipejasa`
--

-- --------------------------------------------------------

--
-- Table structure for table `angkutan`
--

CREATE TABLE `angkutan` (
  `id_ang` int(11) NOT NULL,
  `jns_ang` varchar(15) NOT NULL,
  `muatan` double NOT NULL
) ENGINE=InnoDB DEFAULT CHARSET=latin1;

--
-- Dumping data for table `angkutan`
--

INSERT INTO `angkutan` (`id_ang`, `jns_ang`, `muatan`) VALUES
(1, 'Dump Truk', 7),
(2, 'Pick Up', 3);

-- --------------------------------------------------------

--
-- Table structure for table `antik`
--

CREATE TABLE `antik` (
  `id_antik` int(11) NOT NULL,
  `titik_1` int(11) NOT NULL,
  `titik_1_long` varchar(20) NOT NULL,
  `titik_1_lat` varchar(20) NOT NULL,
  `titik_2` int(11) NOT NULL,
  `titik_2_long` varchar(20) NOT NULL,
  `titik_2_lat` varchar(20) NOT NULL,
  `jarak` int(11) NOT NULL,
  `jarak_bellmanford` int(11) NOT NULL,
  `muatan` double(22,2) NOT NULL
) ENGINE=InnoDB DEFAULT CHARSET=latin1;

--
-- Dumping data for table `antik`
--

INSERT INTO `antik` (`id_antik`, `titik_1`, `titik_1_long`, `titik_1_lat`, `titik_2`, `titik_2_long`, `titik_2_lat`, `jarak`, `jarak_bellmanford`, `muatan`) VALUES
(3, 3, '102.3194932937622', '-3.84348774014389', 4, '102.32264971906677', '-3.8373666782332054', 775, 775, 1.20),
(4, 3, '102.3194932937622', '-3.84348774014389', 6, '102.3107094938138', '-3.8368688730780964', 1242, 1242, 1.30),
(5, 4, '102.32264971906677', '-3.8373666782332054', 5, '102.31521854670515', '-3.831409661667027', 1076, 1076, 1.50),
(9, 6, '102.3107094938138', '-3.8368688730780964', 5, '102.31521854670515', '-3.831409661667027', 463, 463, 0.80),
(12, 9, '102.3021186497386', '-3.8169964433168015', 2000, '102.29977679638961', '-3.8151354010355205', 325, 325, 0.40),
(13, 9, '102.3021186497386', '-3.8169964433168015', 10, '102.29978351969392', '-3.8151090476228804', 325, 325, 0.80),
(14, 2000, '102.29977679638961', '-3.8151354010355205', 11, '102.29418011896742', '-3.811624384205409', 898, 898, 0.90),
(15, 10, '102.29978351969392', '-3.8151090476228804', 11, '102.29418011896742', '-3.811624384205409', 898, 898, 0.90),
(16, 11, '102.29418011896742', '-3.811624384205409', 12, '102.28810514965231', '-3.813480726612003', 733, 733, 0.90),
(21, 53, '102.26303862016091', '-3.7826862457786903', 28, '102.26547823962524', '-3.783902985627169', 300, 300, 0.10),
(22, 46, '102.26135070354155', '-3.7825979046220475', 46, '102.26135070354155', '-3.7825979046220475', 245, 245, 0.08),
(23, 28, '102.26547823962524', '-3.783902985627169', 53, '102.26303862016091', '-3.7826862457786903', 300, 300, 0.10),
(24, 46, '102.26135070354155', '-3.7825979046220475', 53, '102.26303862016091', '-3.7826862457786903', 245, 245, 0.08),
(26, 28, '102.26547823962524', '-3.783902985627169', 27, '102.26461183768292', '-3.78843281135959', 525, 525, 0.11),
(27, 27, '102.26461183768292', '-3.78843281135959', 28, '102.26547823962524', '-3.783902985627169', 525, 525, 0.11),
(28, 28, '102.26547823962524', '-3.783902985627169', 29, '102.26889235717083', '-3.786998343279817', 533, 533, 0.14),
(29, 27, '102.26461183768292', '-3.78843281135959', 29, '102.26889235717083', '-3.786998343279817', 533, 533, 0.14),
(31, 29, '102.26889235717083', '-3.786998343279817', 18, '102.27003335952759', '-3.7936237700554103', 868, 868, 0.20),
(32, 18, '102.27003335952759', '-3.7936237700554103', 29, '102.26889235717083', '-3.786998343279817', 868, 868, 0.20),
(33, 27, '102.26461183768292', '-3.78843281135959', 22, '102.2623166479453', '-3.7918478166662104', 466, 466, 0.10),
(34, 22, '102.2623166479453', '-3.7918478166662104', 27, '102.26461183768292', '-3.78843281135959', 466, 466, 0.10),
(35, 46, '102.26135070354155', '-3.7825979046220475', 33, '102.25085915232872', '-3.7864833363501385', 1308, 1308, 0.14),
(36, 33, '102.25085915232872', '-3.7864833363501385', 46, '102.26135070354155', '-3.7825979046220475', 1308, 1308, 0.14),
(37, 22, '102.2623166479453', '-3.7918478166662104', 21, '102.26598858833313', '-3.7973492159695166', 647, 647, 0.16),
(39, 30, '102.25584467865384', '-3.792083540569616', 22, '102.2623166479453', '-3.7918478166662104', 731, 731, 0.20),
(41, 30, '102.25584467865384', '-3.792083540569616', 54, '102.25792897450532', '-3.7942214525538653', 312, 312, 0.14),
(43, 33, '102.25085915232872', '-3.7864833363501385', 32, '102.25074326599567', '-3.7872752951219457', 90, 90, 0.10),
(46, 22, '102.2623166479453', '-3.7918478166662104', 58, '102.25783786627176', '-3.785557123523821', 488, 488, 0.30),
(47, 58, '102.25783786627176', '-3.785557123523821', 22, '102.2623166479453', '-3.7918478166662104', 488, 488, 0.30),
(48, 58, '102.25783786627176', '-3.785557123523821', 46, '102.26135070354155', '-3.7825979046220475', 500, 500, 0.30),
(49, 46, '102.26135070354155', '-3.7825979046220475', 58, '102.25783786627176', '-3.785557123523821', 500, 500, 0.30),
(50, 58, '102.25783786627176', '-3.785557123523821', 31, '102.25381975479793', '-3.7905043901790507', 900, 900, 0.50),
(51, 31, '102.25381975479793', '-3.7905043901790507', 58, '102.25783786627176', '-3.785557123523821', 900, 900, 0.50),
(1000, 7002, '102.276598', '-3.757519', 7001, '102.274849', '-3.756780', 2, 2, 1.00),
(1001, 7001, '102.274849', '-3.756780', 7003, '102.278014', '-3.755024', 3, 3, 3.00),
(1002, 7003, '102.278014', '-3.755024', 7004, '102.278057', '-3.760912', 5, 5, 2.00),
(1003, 7005, '102.277231', '-3.759135', 7004, '102.278057', '-3.760912', 1, 1, 2.00),
(1004, 7002, '102.276598', '-3.757519', 7003, '102.278014', '-3.755024', 7, 7, 3.00),
(1005, 7002, '102.276598', '-3.757519', 7005, '102.277231', '-3.759135', 6, 6, 2.00),
(1006, 7001, '102.274849', '-3.756780', 7004, '102.278057', '-3.760912', 6, 6, 2.00),
(1007, 31, '102.25381975479793', '-3.7905043901790507', 30, '102.25584467865384', '-3.792083540569616', 285, 285, 0.31),
(1008, 54, '102.25792897450532', '-3.7942214525538653', 55, '102.25611994451403', '-3.7980524281726833', 471, 471, 0.43),
(1009, 21, '102.26598858833313', '-3.7973492159695166', 43, '102.26425698379009', '-3.802346381341007', 588, 588, 1.10),
(1011, 18, '102.27003335952759', '-3.7936237700554103', 19, '102.2739771267676', '-3.794890605944854', 460, 460, 0.67),
(1012, 18, '102.27003335952759', '-3.7936237700554103', 21, '102.26598858833313', '-3.7973492159695166', 611, 611, 0.83),
(1013, 31, '102.25381975479793', '-3.7905043901790507', 57, '102.2496490297242', '-3.7897170919833147', 471, 471, 2.10),
(1014, 55, '102.25611994451403', '-3.7980524281726833', 56, '102.25201398982466', '-3.794210957248145', 624, 624, 0.47),
(1015, 55, '102.25611994451403', '-3.7980524281726833', 44, '102.25741584598896', '-3.799562722981392', 221, 221, 0.11),
(1016, 57, '102.2496490297242', '-3.7897170919833147', 56, '102.25201398982466', '-3.794210957248145', 564, 564, 0.55),
(1017, 19, '102.2739771267676', '-3.794890605944854', 20, '102.27233027746851', '-3.800357625892862', 635, 635, 0.90),
(1018, 21, '102.26598858833313', '-3.7973492159695166', 20, '102.27233027746851', '-3.800357625892862', 779, 779, 0.74),
(1019, 43, '102.26425698379009', '-3.802346381341007', 44, '102.25741584598896', '-3.799562722981392', 820, 820, 0.73),
(1020, 43, '102.26425698379009', '-3.802346381341007', 24, '102.27027587218974', '-3.8121473323482022', 1278, 1278, 0.94),
(1021, 24, '102.27027587218974', '-3.8121473323482022', 25, '102.27316681417878', '-3.809834989648148', 411, 411, 0.51),
(1022, 19, '102.2739771267676', '-3.794890605944854', 23, '102.28364740159742', '-3.8008425544464814', 1261, 1261, 0.87),
(1023, 11, '102.29418011896742', '-3.811624384205409', 51, '102.30235147793245', '-3.8067107947346104', 1059, 1059, 1.20),
(1024, 49, '102.30741876191955', '-3.82175947256511', 9, '102.3021186497386', '-3.8169964433168015', 791, 791, 0.33),
(1025, 49, '102.30741876191955', '-3.82175947256511', 50, '102.31160289811126', '-3.817620265821405', 654, 654, 0.77),
(1026, 3, '102.3194932937622', '-3.84348774014389', 36, '102.31680045237385', '-3.8480885202122734', 592, 592, 0.21),
(1027, 36, '102.31680045237385', '-3.8480885202122734', 7, '102.30715158675999', '-3.840196769495743', 1384, 1384, 1.00),
(1028, 49, '102.30741876191955', '-3.82175947256511', 5, '102.31521854670515', '-3.831409661667027', 1379, 1379, 0.52),
(1029, 49, '102.30741876191955', '-3.82175947256511', 48, '102.30289780758045', '-3.8265121709060783', 729, 729, 0.86),
(1030, 6, '102.3107094938138', '-3.8368688730780964', 48, '102.30289780758045', '-3.8265121709060783', 1441, 1441, 2.10),
(1031, 48, '102.30289780758045', '-3.8265121709060783', 37, '102.3004013921227', '-3.8326014691459704', 732, 732, 0.50),
(1032, 12, '102.28810514965231', '-3.813480726612003', 26, '102.28732105121941', '-3.820205755026457', 753, 753, 0.30),
(1033, 26, '102.28732105121941', '-3.820205755026457', 40, '102.29129421858588', '-3.8221333102213704', 490, 490, 0.53),
(1034, 40, '102.29129421858588', '-3.8221333102213704', 39, '102.28700141056613', '-3.829760061153183', 973, 973, 0.73),
(1035, 37, '102.3004013921227', '-3.8326014691459704', 40, '102.29129421858588', '-3.8221333102213704', 1541, 1541, 1.19),
(1036, 37, '102.3004013921227', '-3.8326014691459704', 7, '102.30715158675999', '-3.840196769495743', 1129, 1129, 0.91),
(1037, 37, '102.3004013921227', '-3.8326014691459704', 38, '102.2985346962927', '-3.8372360641429735', 555, 555, 0.48),
(1038, 11, '102.29418011896742', '-3.811624384205409', 23, '102.28364740159742', '-3.8008425544464814', 1674, 1674, 2.30),
(1039, 48, '102.30289780758045', '-3.8265121709060783', 8, '102.29778784866429', '-3.8217443669409032', 776, 776, 0.67),
(1041, 12, '102.28810514965231', '-3.813480726612003', 52, '102.2969658281099', '-3.8208070673399646', 1277, 1277, 0.77),
(1042, 8, '102.29778784866429', '-3.8217443669409032', 52, '102.2969658281099', '-3.8208070673399646', 138, 138, 0.17),
(1044, 34, '102.26873137324256', '-3.766242079417555', 47, '102.27111043613756', '-3.779629207234017', 1512, 1512, 1.21),
(1045, 47, '102.27111043613756', '-3.779629207234017', 28, '102.26547823962524', '-3.783902985627169', 785, 785, 0.58),
(1046, 7, '102.30715158675999', '-3.840196769495743', 6, '102.3107094938138', '-3.8368688730780964', 541, 541, 0.77),
(1047, 27, '102.26461183768292', '-3.78843281135959', 18, '102.27003335952759', '-3.7936237700554103', 834, 834, 2.10),
(1049, 36, '102.31680045237385', '-3.8480885202122734', 35, '102.3135101751901', '-3.8730860088105583', 2803, 2803, 2.80),
(1050, 24, '102.27027587218974', '-3.8121473323482022', 41, '102.26975570320997', '-3.8143855421598474', 255, 255, 0.67),
(1051, 41, '102.26975570320997', '-3.8143855421598474', 39, '102.28700141056613', '-3.829760061153183', 2566, 2566, 0.31),
(1052, 25, '102.27316681417878', '-3.809834989648148', 26, '102.28732105121941', '-3.820205755026457', 1948, 1948, 0.77),
(1053, 20, '102.27233027746851', '-3.800357625892862', 25, '102.27316681417878', '-3.809834989648148', 1058, 1058, 2.10),
(1054, 20, '102.27233027746851', '-3.800357625892862', 12, '102.28810514965231', '-3.813480726612003', 2279, 2279, 0.74),
(1055, 39, '102.28700141056613', '-3.829760061153183', 38, '102.2985346962927', '-3.8372360641429735', 1526, 1526, 1.20),
(1056, 51, '102.30235147793245', '-3.8067107947346104', 50, '102.31160289811126', '-3.817620265821405', 1589, 1589, 0.67),
(1057, 32, '102.25074326599567', '-3.7872752951219457', 57, '102.2496490297242', '-3.7897170919833147', 297, 297, 0.74),
(1058, 35, '102.3135101751901', '-3.8730860088105583', 13, '102.31631755828857', '-3.890373056646199', 1947, 1947, 0.74),
(1059, 13, '102.31631755828857', '-3.890373056646199', 15, '102.35313892364502', '-3.881809722339886', 4194, 4194, 2.10),
(1060, 15, '102.35313892364502', '-3.881809722339886', 3, '102.3194932937622', '-3.84348774014389', 5665, 5665, 2.10),
(1061, 15, '102.35313892364502', '-3.881809722339886', 16, '102.34575511973212', '-3.83089503880089', 5720, 5720, 1.70),
(1062, 4, '102.32264971906677', '-3.8373666782332054', 16, '102.34575511973212', '-3.83089503880089', 2663, 2663, 0.75);

-- --------------------------------------------------------

--
-- Table structure for table `antik_metode`
--

CREATE TABLE `antik_metode` (
  `id_antik` int(11) NOT NULL,
  `titik_1` int(11) NOT NULL,
  `titik_1_long` varchar(20) NOT NULL,
  `titik_1_lat` varchar(20) NOT NULL,
  `titik_2` int(11) NOT NULL,
  `titik_2_long` varchar(20) NOT NULL,
  `titik_2_lat` varchar(20) NOT NULL,
  `jarak` int(11) NOT NULL,
  `jarak_bellmanford` int(11) NOT NULL,
  `muatan` double(22,2) NOT NULL
) ENGINE=InnoDB DEFAULT CHARSET=latin1 ROW_FORMAT=COMPACT;

--
-- Dumping data for table `antik_metode`
--

INSERT INTO `antik_metode` (`id_antik`, `titik_1`, `titik_1_long`, `titik_1_lat`, `titik_2`, `titik_2_long`, `titik_2_lat`, `jarak`, `jarak_bellmanford`, `muatan`) VALUES
(3, 3, '102.3194932937622', '-3.84348774014389', 4, '102.32264971906677', '-3.8373666782332054', 775, 775, 0.00),
(4, 3, '102.3194932937622', '-3.84348774014389', 6, '102.3107094938138', '-3.8368688730780964', 1242, 1242, 0.00),
(5, 4, '102.32264971906677', '-3.8373666782332054', 5, '102.31521854670515', '-3.831409661667027', 1076, 1076, 0.00),
(9, 6, '102.3107094938138', '-3.8368688730780964', 5, '102.31521854670515', '-3.831409661667027', 463, 463, 0.00),
(12, 9, '102.3021186497386', '-3.8169964433168015', 2000, '102.29977679638961', '-3.8151354010355205', 325, 325, 0.40),
(13, 9, '102.3021186497386', '-3.8169964433168015', 10, '102.29978351969392', '-3.8151090476228804', 325, 325, 0.00),
(14, 2000, '102.29977679638961', '-3.8151354010355205', 11, '102.29418011896742', '-3.811624384205409', 898, 898, 0.90),
(15, 10, '102.29978351969392', '-3.8151090476228804', 11, '102.29418011896742', '-3.811624384205409', 898, 898, 0.00),
(16, 11, '102.29418011896742', '-3.811624384205409', 12, '102.28810514965231', '-3.813480726612003', 733, 733, 0.00),
(21, 53, '102.26303862016091', '-3.7826862457786903', 28, '102.26547823962524', '-3.783902985627169', 300, 300, 0.10),
(22, 46, '102.26135070354155', '-3.7825979046220475', 46, '102.26135070354155', '-3.7825979046220475', 245, 245, 0.08),
(23, 28, '102.26547823962524', '-3.783902985627169', 53, '102.26303862016091', '-3.7826862457786903', 300, 300, 0.10),
(24, 46, '102.26135070354155', '-3.7825979046220475', 53, '102.26303862016091', '-3.7826862457786903', 245, 245, 0.00),
(26, 28, '102.26547823962524', '-3.783902985627169', 27, '102.26461183768292', '-3.78843281135959', 525, 525, 0.00),
(27, 27, '102.26461183768292', '-3.78843281135959', 28, '102.26547823962524', '-3.783902985627169', 525, 525, 0.11),
(28, 28, '102.26547823962524', '-3.783902985627169', 29, '102.26889235717083', '-3.786998343279817', 533, 533, 0.00),
(29, 27, '102.26461183768292', '-3.78843281135959', 29, '102.26889235717083', '-3.786998343279817', 533, 533, 0.14),
(31, 29, '102.26889235717083', '-3.786998343279817', 18, '102.27003335952759', '-3.7936237700554103', 868, 868, 0.00),
(32, 18, '102.27003335952759', '-3.7936237700554103', 29, '102.26889235717083', '-3.786998343279817', 868, 868, 0.20),
(33, 27, '102.26461183768292', '-3.78843281135959', 22, '102.2623166479453', '-3.7918478166662104', 466, 466, 0.00),
(34, 22, '102.2623166479453', '-3.7918478166662104', 27, '102.26461183768292', '-3.78843281135959', 466, 466, 0.10),
(35, 46, '102.26135070354155', '-3.7825979046220475', 33, '102.25085915232872', '-3.7864833363501385', 1308, 1308, 0.14),
(36, 33, '102.25085915232872', '-3.7864833363501385', 46, '102.26135070354155', '-3.7825979046220475', 1308, 1308, 0.14),
(37, 22, '102.2623166479453', '-3.7918478166662104', 21, '102.26598858833313', '-3.7973492159695166', 647, 647, 0.00),
(39, 30, '102.25584467865384', '-3.792083540569616', 22, '102.2623166479453', '-3.7918478166662104', 731, 731, 0.00),
(41, 30, '102.25584467865384', '-3.792083540569616', 54, '102.25792897450532', '-3.7942214525538653', 312, 312, 0.00),
(43, 33, '102.25085915232872', '-3.7864833363501385', 32, '102.25074326599567', '-3.7872752951219457', 90, 90, 0.00),
(46, 22, '102.2623166479453', '-3.7918478166662104', 58, '102.25783786627176', '-3.785557123523821', 488, 488, 0.00),
(47, 58, '102.25783786627176', '-3.785557123523821', 22, '102.2623166479453', '-3.7918478166662104', 488, 488, 0.30),
(48, 58, '102.25783786627176', '-3.785557123523821', 46, '102.26135070354155', '-3.7825979046220475', 500, 500, 0.00),
(49, 46, '102.26135070354155', '-3.7825979046220475', 58, '102.25783786627176', '-3.785557123523821', 500, 500, 0.30),
(50, 58, '102.25783786627176', '-3.785557123523821', 31, '102.25381975479793', '-3.7905043901790507', 900, 900, 0.50),
(51, 31, '102.25381975479793', '-3.7905043901790507', 58, '102.25783786627176', '-3.785557123523821', 900, 900, 0.50),
(1000, 7002, '102.276598', '-3.757519', 7001, '102.274849', '-3.756780', 2, 2, 1.00),
(1001, 7001, '102.274849', '-3.756780', 7003, '102.278014', '-3.755024', 3, 3, 3.00),
(1002, 7003, '102.278014', '-3.755024', 7004, '102.278057', '-3.760912', 5, 5, 2.00),
(1003, 7005, '102.277231', '-3.759135', 7004, '102.278057', '-3.760912', 1, 1, 2.00),
(1004, 7002, '102.276598', '-3.757519', 7003, '102.278014', '-3.755024', 7, 7, 3.00),
(1005, 7002, '102.276598', '-3.757519', 7005, '102.277231', '-3.759135', 6, 6, 2.00),
(1006, 7001, '102.274849', '-3.756780', 7004, '102.278057', '-3.760912', 6, 6, 2.00),
(1007, 31, '102.25381975479793', '-3.7905043901790507', 30, '102.25584467865384', '-3.792083540569616', 285, 285, 0.00),
(1008, 54, '102.25792897450532', '-3.7942214525538653', 55, '102.25611994451403', '-3.7980524281726833', 471, 471, 0.43),
(1009, 21, '102.26598858833313', '-3.7973492159695166', 43, '102.26425698379009', '-3.802346381341007', 588, 588, 0.00),
(1011, 18, '102.27003335952759', '-3.7936237700554103', 19, '102.2739771267676', '-3.794890605944854', 460, 460, 0.00),
(1012, 18, '102.27003335952759', '-3.7936237700554103', 21, '102.26598858833313', '-3.7973492159695166', 611, 611, 0.83),
(1013, 31, '102.25381975479793', '-3.7905043901790507', 57, '102.2496490297242', '-3.7897170919833147', 471, 471, 0.00),
(1014, 55, '102.25611994451403', '-3.7980524281726833', 56, '102.25201398982466', '-3.794210957248145', 624, 624, 0.00),
(1015, 55, '102.25611994451403', '-3.7980524281726833', 44, '102.25741584598896', '-3.799562722981392', 221, 221, 0.00),
(1016, 57, '102.2496490297242', '-3.7897170919833147', 56, '102.25201398982466', '-3.794210957248145', 564, 564, 0.55),
(1017, 19, '102.2739771267676', '-3.794890605944854', 20, '102.27233027746851', '-3.800357625892862', 635, 635, 0.90),
(1018, 21, '102.26598858833313', '-3.7973492159695166', 20, '102.27233027746851', '-3.800357625892862', 779, 779, 0.00),
(1019, 43, '102.26425698379009', '-3.802346381341007', 44, '102.25741584598896', '-3.799562722981392', 820, 820, 0.00),
(1020, 43, '102.26425698379009', '-3.802346381341007', 24, '102.27027587218974', '-3.8121473323482022', 1278, 1278, 0.94),
(1021, 24, '102.27027587218974', '-3.8121473323482022', 25, '102.27316681417878', '-3.809834989648148', 411, 411, 0.00),
(1022, 19, '102.2739771267676', '-3.794890605944854', 23, '102.28364740159742', '-3.8008425544464814', 1261, 1261, 0.00),
(1023, 11, '102.29418011896742', '-3.811624384205409', 51, '102.30235147793245', '-3.8067107947346104', 1059, 1059, 0.00),
(1024, 49, '102.30741876191955', '-3.82175947256511', 9, '102.3021186497386', '-3.8169964433168015', 791, 791, 0.00),
(1025, 49, '102.30741876191955', '-3.82175947256511', 50, '102.31160289811126', '-3.817620265821405', 654, 654, 0.77),
(1026, 3, '102.3194932937622', '-3.84348774014389', 36, '102.31680045237385', '-3.8480885202122734', 592, 592, 0.00),
(1027, 36, '102.31680045237385', '-3.8480885202122734', 7, '102.30715158675999', '-3.840196769495743', 1384, 1384, 0.00),
(1028, 49, '102.30741876191955', '-3.82175947256511', 5, '102.31521854670515', '-3.831409661667027', 1379, 1379, 0.00),
(1029, 49, '102.30741876191955', '-3.82175947256511', 48, '102.30289780758045', '-3.8265121709060783', 729, 729, 0.86),
(1030, 6, '102.3107094938138', '-3.8368688730780964', 48, '102.30289780758045', '-3.8265121709060783', 1441, 1441, 0.00),
(1031, 48, '102.30289780758045', '-3.8265121709060783', 37, '102.3004013921227', '-3.8326014691459704', 732, 732, 0.50),
(1032, 12, '102.28810514965231', '-3.813480726612003', 26, '102.28732105121941', '-3.820205755026457', 753, 753, 0.30),
(1033, 26, '102.28732105121941', '-3.820205755026457', 40, '102.29129421858588', '-3.8221333102213704', 490, 490, 0.00),
(1034, 40, '102.29129421858588', '-3.8221333102213704', 39, '102.28700141056613', '-3.829760061153183', 973, 973, 0.73),
(1035, 37, '102.3004013921227', '-3.8326014691459704', 40, '102.29129421858588', '-3.8221333102213704', 1541, 1541, 0.00),
(1036, 37, '102.3004013921227', '-3.8326014691459704', 7, '102.30715158675999', '-3.840196769495743', 1129, 1129, 0.00),
(1037, 37, '102.3004013921227', '-3.8326014691459704', 38, '102.2985346962927', '-3.8372360641429735', 555, 555, 0.00),
(1038, 11, '102.29418011896742', '-3.811624384205409', 23, '102.28364740159742', '-3.8008425544464814', 1674, 1674, 0.00),
(1039, 48, '102.30289780758045', '-3.8265121709060783', 8, '102.29778784866429', '-3.8217443669409032', 776, 776, 0.00),
(1041, 12, '102.28810514965231', '-3.813480726612003', 52, '102.2969658281099', '-3.8208070673399646', 1277, 1277, 0.00),
(1042, 8, '102.29778784866429', '-3.8217443669409032', 52, '102.2969658281099', '-3.8208070673399646', 138, 138, 0.00),
(1044, 34, '102.26873137324256', '-3.766242079417555', 47, '102.27111043613756', '-3.779629207234017', 1512, 1512, 0.00),
(1045, 47, '102.27111043613756', '-3.779629207234017', 28, '102.26547823962524', '-3.783902985627169', 785, 785, 0.00),
(1046, 7, '102.30715158675999', '-3.840196769495743', 6, '102.3107094938138', '-3.8368688730780964', 541, 541, 0.00),
(1047, 27, '102.26461183768292', '-3.78843281135959', 18, '102.27003335952759', '-3.7936237700554103', 834, 834, 0.00),
(1049, 36, '102.31680045237385', '-3.8480885202122734', 35, '102.3135101751901', '-3.8730860088105583', 2803, 2803, 0.00),
(1050, 24, '102.27027587218974', '-3.8121473323482022', 41, '102.26975570320997', '-3.8143855421598474', 255, 255, 0.00),
(1051, 41, '102.26975570320997', '-3.8143855421598474', 39, '102.28700141056613', '-3.829760061153183', 2566, 2566, 0.00),
(1052, 25, '102.27316681417878', '-3.809834989648148', 26, '102.28732105121941', '-3.820205755026457', 1948, 1948, 0.00),
(1053, 20, '102.27233027746851', '-3.800357625892862', 25, '102.27316681417878', '-3.809834989648148', 1058, 1058, 0.00),
(1054, 20, '102.27233027746851', '-3.800357625892862', 12, '102.28810514965231', '-3.813480726612003', 2279, 2279, 0.00),
(1055, 39, '102.28700141056613', '-3.829760061153183', 38, '102.2985346962927', '-3.8372360641429735', 1526, 1526, 0.00),
(1056, 51, '102.30235147793245', '-3.8067107947346104', 50, '102.31160289811126', '-3.817620265821405', 1589, 1589, 0.00),
(1057, 32, '102.25074326599567', '-3.7872752951219457', 57, '102.2496490297242', '-3.7897170919833147', 297, 297, 0.00),
(1058, 35, '102.3135101751901', '-3.8730860088105583', 13, '102.31631755828857', '-3.890373056646199', 1947, 1947, 0.00),
(1059, 13, '102.31631755828857', '-3.890373056646199', 15, '102.35313892364502', '-3.881809722339886', 4194, 4194, 2.10),
(1060, 15, '102.35313892364502', '-3.881809722339886', 3, '102.3194932937622', '-3.84348774014389', 5665, 5665, 0.00),
(1061, 15, '102.35313892364502', '-3.881809722339886', 16, '102.34575511973212', '-3.83089503880089', 5720, 5720, 1.70),
(1062, 4, '102.32264971906677', '-3.8373666782332054', 16, '102.34575511973212', '-3.83089503880089', 2663, 2663, 0.00);

-- --------------------------------------------------------

--
-- Table structure for table `jalan`
--

CREATE TABLE `jalan` (
  `id_jalan` int(11) NOT NULL,
  `nama` text NOT NULL,
  `alamat` text NOT NULL,
  `longitude` double NOT NULL,
  `latitude` double NOT NULL
) ENGINE=InnoDB DEFAULT CHARSET=latin1;

--
-- Dumping data for table `jalan`
--

INSERT INTO `jalan` (`id_jalan`, `nama`, `alamat`, `longitude`, `latitude`) VALUES
(3, 'simpang pagar dewa', 'Jl. H. Adam Malik No.929, Pagar Dewa, Kec. Selebar, Kota Bengkulu, Bengkulu 38216, Indonesia', 102.3194932937622, -3.84348774014389),
(4, 'simpang iain', 'dekat, Jl. Raden Fatah, Pagar Dewa, Kec. Selebar, Kota Bengkulu, Bengkulu 38216, Indonesia', 102.32264971906677, -3.8373666782332054),
(5, 'simpangan RSUD', 'Jl. Hibrida, Sido Mulyo, Kec. Gading Cemp., Kota Bengkulu, Bengkulu 38211, Indonesia', 102.31521854670515, -3.831409661667027),
(6, 'simpang polda', 'Jl. Tribrata No.2, Cemp. Permai, Kec. Gading Cemp., Kota Bengkulu, Bengkulu 38211, Indonesia', 102.3107094938138, -3.8368688730780964),
(7, 'simpang tribrata', 'Jl. Bakti Husada No.99, RW.03, Lkr. Barat, Kec. Gading Cemp., Kota Bengkulu, Bengkulu 38211, Indonesia', 102.30715158675999, -3.840196769495743),
(8, 'simpang balai buntar', 'Jl. Pangeran Natadirja No.51, Jl. Gedang, Kec. Gading Cemp., Kota Bengkulu, Bengkulu 38225, Indonesia', 102.29778784866429, -3.8217443669409032),
(9, 'gang rmah pak harjon', 'Jl. Salak Raya, Lkr. Tim., Kec. Singaran Pati, Kota Bengkulu, Bengkulu 38225, Indonesia', 102.3021186497386, -3.8169964433168015),
(10, 'simpang salak', 'Jl. Salak Raya No.184, Panorama, Kec. Singaran Pati, Kota Bengkulu, Bengkulu 38225, Indonesia', 102.29978351969392, -3.8151090476228804),
(11, 'simpang panorama', 'Jl. Danau No.40, Panorama, Kec. Singaran Pati, Kota Bengkulu, Bengkulu 38224, Indonesia', 102.29418011896742, -3.811624384205409),
(12, 'simpang padang harapan', 'Jl. Mayjen Sutoyo No.49, Jemb. Kecil, Kec. Singaran Pati, Kota Bengkulu, Bengkulu 38224, Indonesia', 102.28810514965231, -3.813480726612003),
(13, 'simpang kandis', 'Jl. Soeprapto Dalam, Sumber Jaya, Kp. Melayu, Kota Bengkulu, Bengkulu 38216, Indonesia', 102.31631755828857, -3.890373056646199),
(15, 'simpang betungan', 'Jl. Soeprapto Dalam, Betungan, Kec. Selebar, Kota Bengkulu, Bengkulu 38877, Indonesia', 102.35313892364502, -3.881809722339886),
(16, 'simpang pom sukarami', 'Jl. Barokah 2 No.11, Suka Rami, Kec. Selebar, Kota Bengkulu, Bengkulu 38211, Indonesia', 102.34575511973212, -3.83089503880089),
(18, 'simpang  jam', 'Jl. Basuki Rahmat No.14, Belakang Pd., Kec. Ratu Samban, Kota Bengkulu, Bengkulu 38222, Indonesia', 102.27003335952759, -3.7936237700554103),
(19, 'simpang gor', 'Jl. Meranti No.1, Sawah Lebar, Kec. Ratu Agung, Kota Bengkulu, Bengkulu 38222, Indonesia', 102.2739771267676, -3.794890605944854),
(20, 'simpang skip', 'Jl. S. Parman No.200, Padang Jati, Kec. Ratu Samban, Kota Bengkulu, Bengkulu 38222, Indonesia', 102.27233027746851, -3.800357625892862),
(21, 'simpang 5', 'Jl. Fatmawati No.5, Penurunan, Kec. Ratu Samban, Kota Bengkulu, Bengkulu 38222, Indonesia', 102.26598858833313, -3.7973492159695166),
(22, 'simpang jamik', 'Jl. M.T. Haryono, Tengah Padang, Kec. Tlk. Segara, Kota Bengkulu, Bengkulu 38114, Indonesia', 102.2623166479453, -3.7918478166662104),
(23, 'simpang gereja tebeng ', 'Jl. Karbela Raya No.69, RW.001, Padang Jati, Kec. Ratu Samban, Kota Bengkulu, Bengkulu 38222, Indonesia', 102.28364740159742, -3.8008425544464814),
(24, 'simpang polsek ratu samban', 'Jl. Putri Gading Cempaka Depan Polsek No.2, Penurunan, Kec. Ratu Samban, Kota Bengkulu, Bengkulu 38224, Indonesia', 102.27027587218974, -3.8121473323482022),
(25, 'simpang 4 pantai', 'Jl. Sedap Malam No.88, Nusa Indah, Kec. Ratu Agung, Kota Bengkulu, Bengkulu 38223, Indonesia', 102.27316681417878, -3.809834989648148),
(26, 'simpang DPRD', 'Jl. Pembangunan No.838, Jemb. Kecil, Kec. Singaran Pati, Kota Bengkulu, Bengkulu 38225, Indonesia', 102.28732105121941, -3.820205755026457),
(27, 'simpang smp it', 'Jl. Bali No.76d, Kp. Bali, Kec. Tlk. Segara, Kota Bengkulu, Bengkulu 38119, Indonesia', 102.26461183768292, -3.78843281135959),
(28, 'simpang kampung bali', 'Jl. Bali No.36, Kp. Kelawi, Kec. Sungai Serut, Kota Bengkulu, Bengkulu 38117, Indonesia', 102.26547823962524, -3.783902985627169),
(29, 'simpang sukamerindu', 'Jl. Jawa No.184, Suka Merindu, Kec. Sungai Serut, Kota Bengkulu, Bengkulu 38115, Indonesia', 102.26889235717083, -3.786998343279817),
(30, 'simpang minimarket butiniara', 'Jl. Letkol Santosa No.25, Ps. Melintang, Kec. Tlk. Segara, Kota Bengkulu, Bengkulu 38113, Indonesia', 102.25584467865384, -3.792083540569616),
(31, 'simpang BI', 'Jl. Khadijah No.123, Kebun Ros, Kec. Tlk. Segara, Kota Bengkulu, Bengkulu 38119, Indonesia', 102.25381975479793, -3.7905043901790507),
(32, 'simpang kampung cina', 'Jl. Jend. Ahmad Yani, No. 94, Kebun Keling, Kec. Tlk. Segara, Kota Bengkulu, Bengkulu 38115, Indonesia', 102.25074326599567, -3.7872752951219457),
(33, 'simpang tugu pers', 'Jl. Pariwisata, Malabero, Kec. Tlk. Segara, Kota Bengkulu, Bengkulu 38115, Indonesia', 102.25085915232872, -3.7864833363501385),
(34, 'simpang pom unib', 'Jl. Padang - Bengkulu, Kec. Muara Bangka Hulu, Kota Bengkulu, Bengkulu 38119, Indonesia', 102.26873137324256, -3.766242079417555),
(35, 'simpang alfamart kandang mas', 'Jl. RE. Martadinata No.444, Kandang Mas, Kp. Melayu, Kota Bengkulu, Bengkulu 38216, Indonesia', 102.3135101751901, -3.8730860088105583),
(36, 'simpang sd 79', 'Jl. RE Martadinata No.6, Pagar Dewa, Kec. Selebar, Kota Bengkulu, Bengkulu 38216, Indonesia', 102.31680045237385, -3.8480885202122734),
(37, 'simpang sapta bakti', 'Jl. Mahakam No.4, Lingkar Barat, Kec. Gading Cemp., Kota Bengkulu, Bengkulu 38225, Indonesia', 102.3004013921227, -3.8326014691459704),
(38, 'simpang SMA 7', 'Jl. Citandui, Lkr. Barat, Kec. Gading Cemp., Kota Bengkulu, Bengkulu, Indonesia', 102.2985346962927, -3.8372360641429735),
(39, 'simpang nick coffe', 'Jl. Ciliwung Bawah No.33, Padang Harapan, Kec. Gading Cemp., Kota Bengkulu, Bengkulu, Indonesia', 102.28700141056613, -3.829760061153183),
(40, 'simpang surya padang harapan', 'Jl. Kapuas Raya No.8, Padang Harapan, Kec. Gading Cemp., Kota Bengkulu, Bengkulu 38225, Indonesia', 102.29129421858588, -3.8221333102213704),
(41, 'jembatan bim I', 'Jl. Pariwisata No.1kel, Decrease of, Kec. Ratu Samban, Kota Bengkulu, Bengkulu, Indonesia', 102.26975570320997, -3.8143855421598474),
(43, 'simpang penurunan', 'Jl. Fatmawati No.55, Penurunan, Kec. Ratu Samban, Kota Bengkulu, Bengkulu 38222, Indonesia', 102.26425698379009, -3.802346381341007),
(44, 'simpang masjid at-taqwa', 'Jl. Tembok Baru, Anggut Atas, Kec. Ratu Samban, Kota Bengkulu, Bengkulu, Indonesia', 102.25741584598896, -3.799562722981392),
(45, 'simpang taman berkas', 'Jl. Tembok Baru No.21a, Anggut Atas, Kec. Ratu Samban, Kota Bengkulu, Bengkulu, Indonesia', 102.25694990535376, -3.801502265215199),
(46, 'simpang pantai jakat', 'Jl. Ibnu Hajar No.13p, Kp. Bali, Kec. Tlk. Segara, Kota Bengkulu, Bengkulu 38119, Indonesia', 102.26135070354155, -3.7825979046220475),
(47, 'simpang gang jembatan rawamakmur', 'Jl. Padang - Bengkulu No.29, Rw. Makmur, Kec. Muara Bangka Hulu, Kota Bengkulu, Bengkulu 38118, Indonesia', 102.27111043613756, -3.779629207234017),
(48, 'simpang spbu km 8', 'Jl. Pangeran Natadirja No.8, RT.01, Jl. Gedang, Kec. Gading Cemp., Kota Bengkulu, Bengkulu 38225, Indonesia', 102.30289780758045, -3.8265121709060783),
(49, 'simpang hibrida', 'Jl. Mangga Raya No.19, Lkr. Tim., Kec. Singaran Pati, Kota Bengkulu, Bengkulu 38225, Indonesia', 102.30741876191955, -3.82175947256511),
(50, 'simpang si cepat', 'Jl. Tim. Indah Raya No.23, Tim. Indah, Kec. Singaran Pati, Kota Bengkulu, Bengkulu 38225, Indonesia', 102.31160289811126, -3.817620265821405),
(51, 'simpang kompi', 'Jl. Zainul Arifin No.10, Padang Nangka, Kec. Singaran Pati, Kota Bengkulu, Bengkulu 38224, Indonesia', 102.30235147793245, -3.8067107947346104),
(52, 'simpang honda lingkar barat', 'Jl. Pangeran Natadirja No.88a, Jl. Gedang, Kec. Gading Cemp., Kota Bengkulu, Bengkulu 38225, Indonesia', 102.2969658281099, -3.8208070673399646),
(53, 'titik awal supir', 'Jl. Ibnu Hajar No.109, Kp. Bali, Kec. Tlk. Segara, Kota Bengkulu, Bengkulu 38117, Indonesia', 102.26303862016091, -3.7826862457786903),
(54, 'simpang dinsos kota', 'Jl. Kapten Syahrial No.88, Ps. Melintang, Kec. Tlk. Segara, Kota Bengkulu, Bengkulu 38113, Indonesia', 102.25792897450532, -3.7942214525538653),
(55, 'simpang hamilton monumen', 'Jl. Moh. Hasan, Ps. Melintang, Kec. Tlk. Segara, Kota Bengkulu, Bengkulu, Indonesia', 102.25611994451403, -3.7980524281726833),
(56, 'simpang yayasan bodroyono', 'Jl. Moh. Hasan No.12, Ps. Baru, Kec. Tlk. Segara, Kota Bengkulu, Bengkulu, Indonesia', 102.25201398982466, -3.794210957248145),
(57, 'simpang gang barukoto II', 'Jl. Kol Berlian No.151, Malabero, Kec. Tlk. Segara, Kota Bengkulu, Bengkulu, Indonesia', 102.2496490297242, -3.7897170919833147),
(58, 'simpang 3 jl letkol', 'Jl. Letkol Iskandar No.6, Tengah Padang, Kec. Tlk. Segara, Kota Bengkulu, Bengkulu 38119, Indonesia', 102.25783786627176, -3.785557123523821),
(7001, 'perpus', 'perpus', 102.274849, -3.75678),
(7002, 'gsg', 'gsg', 102.276598, -3.757519),
(7003, 'kedokteran', 'kedokteran', 102.278014, -3.755024),
(7004, 'sdn69', 'sdn69', 102.278057, -3.760912),
(7005, 'dj', 'dj', 102.277231, -3.759135);

-- --------------------------------------------------------

--
-- Table structure for table `peta`
--

CREATE TABLE `peta` (
  `id_peta` int(11) NOT NULL,
  `id_supir` int(11) NOT NULL,
  `id_tps` int(11) NOT NULL,
  `id_jalan` int(11) NOT NULL
) ENGINE=InnoDB DEFAULT CHARSET=latin1;

-- --------------------------------------------------------

--
-- Table structure for table `supir`
--

CREATE TABLE `supir` (
  `id_supir` int(20) NOT NULL,
  `nm_supir` varchar(32) NOT NULL,
  `alamat` text NOT NULL,
  `longitude` double NOT NULL,
  `latitude` double NOT NULL,
  `id_ang` int(11) NOT NULL
) ENGINE=InnoDB DEFAULT CHARSET=latin1;

--
-- Dumping data for table `supir`
--

INSERT INTO `supir` (`id_supir`, `nm_supir`, `alamat`, `longitude`, `latitude`, `id_ang`) VALUES
(1002, 'Lim', 'Jl. Depati Payung Negara No.31, Pagar Dewa, Kec. Selebar, Kota Bengkulu, Bengkulu 38216, Indonesia', 102.3211368, -3.84333051, 1),
(1003, 'Harjon', 'Jl. Jeruk 1 No.46, RT.05/RW.02, Lkr. Tim., Kec. Singaran Pati, Kota Bengkulu, Bengkulu 38225, Indonesia', 102.3010805, -3.81715784, 1),
(1004, 'Tas an', 'Jl. Air Sebakul - Nakau, Suka Rami, Kec. Selebar, Kota Bengkulu, Bengkulu 38211, Indonesia', 102.34519572449263, -3.8250446578040496, 1),
(1006, 'Guansyah', 'Jl. Air Sebakul - Nakau, Suka Rami, Kec. Selebar, Kota Bengkulu, Bengkulu 38211, Indonesia', 102.34465457023894, -3.8242828070269117, 1),
(1007, 'Yedi', 'Jl. Air Sebakul - Nakau, Suka Rami, Kec. Selebar, Kota Bengkulu, Bengkulu 38211, Indonesia', 102.34471916464881, -3.824568859334045, 1),
(1008, 'Salipin', 'Jl. Padang Cengkeh, Suka Rami, Kec. Selebar, Kota Bengkulu, Bengkulu 38216, Indonesia', 102.33914152543, -3.8404079524740915, 1),
(1009, 'Tori', 'Jl. Padang Cengkeh, Suka Rami, Kec. Selebar, Kota Bengkulu, Bengkulu 38216, Indonesia', 102.33923108221666, -3.840296148158064, 1),
(1010, 'Suar', 'Jl. Muhajirin No.RT 009, Dusun Besar, Kec. Singaran Pati, Kota Bengkulu, Bengkulu 38224, Indonesia', 102.30249036316022, -3.8137645976187216, 1),
(1011, 'Novan', 'Jl. Ibnu Hajar No.109, Kp. Bali, Kec. Tlk. Segara, Kota Bengkulu, Bengkulu 38117, Indonesia', 102.26309778338354, -3.7820877351542883, 1),
(1012, 'Harjoni', 'Jl. Pematang Said, Kandang Limun, Kec. Muara Bangka Hulu, Kota Bengkulu, Bengkulu 38119, Indonesia', 102.28058955667083, -3.757791610929964, 1),
(1013, 'Rudi', 'Jl. M Ali Amin No.18, Pematang Gubernur, Kec. Muara Bangka Hulu, Kota Bengkulu, Bengkulu 38119, Indonesia', 102.29138063880549, -3.75496575109871, 1);

-- --------------------------------------------------------

--
-- Table structure for table `titik`
--

CREATE TABLE `titik` (
  `id` int(11) NOT NULL,
  `latitude` double NOT NULL,
  `longitude` double NOT NULL,
  `ket` enum('jalan','tps','supir') NOT NULL,
  `alamat` text NOT NULL
) ENGINE=InnoDB DEFAULT CHARSET=latin1;

-- --------------------------------------------------------

--
-- Table structure for table `tps`
--

CREATE TABLE `tps` (
  `id_tps` int(11) NOT NULL,
  `nm_tps` varchar(32) NOT NULL,
  `alamat` text NOT NULL,
  `longitude` double NOT NULL,
  `latitude` double NOT NULL
) ENGINE=InnoDB DEFAULT CHARSET=latin1;

--
-- Dumping data for table `tps`
--

INSERT INTO `tps` (`id_tps`, `nm_tps`, `alamat`, `longitude`, `latitude`) VALUES
(2000, 'tps salak', 'Jl. Salak No.66, Lkr. Tim., Kec. Singaran Pati, Kota Bengkulu, Bengkulu 38225, Indonesia', 102.29977679638961, -3.8151354010355205),
(2001, 'tps terminal', 'No Jl. Belimbing No.48, Panorama, Kec. Singaran Pati, Kota Bengkulu, Bengkulu 38225, Indonesia', 102.29900657578091, -3.816158876721224),
(2002, 'TPS Tribrata', 'Jl. Belibis No.1, Cemp. Permai, Kec. Gading Cemp., Kota Bengkulu, Bengkulu 38211, Indonesia', 102.30848206098631, -3.8387555147851957),
(2003, 'Tps TPI', 'Gg. Al-Barokah 4 No.78, Padang Serai, Kp. Melayu, Kota Bengkulu, Bengkulu 38216, Indonesia', 102.30730204969198, -3.9030637380254998),
(2004, 'Tps SPBE bentungan', 'Jl. Soeprapto Dalam, Betungan, Kec. Selebar, Kota Bengkulu, Bengkulu 38216, Indonesia', 102.33862748041315, -3.8757938966936103),
(2005, 'TPS AL', 'Jl. Kamtemas, Padang Serai, Kp. Melayu, Kota Bengkulu, Bengkulu 38216, Indonesia', 102.3347632726939, -3.8876815642191573),
(2006, 'Tps jl Nangka', 'No Jl. Belimbing No.48, Panorama, Kec. Singaran Pati, Kota Bengkulu, Bengkulu 38225, Indonesia', 102.29862125507513, -3.8158950510400342),
(2007, 'TPS pagar dewa', 'Jl. Raden Fatah No.6, Pagar Dewa, Kec. Selebar, Kota Bengkulu, Bengkulu 38216, Indonesia', 102.32048720577298, -3.839237601116019),
(2008, 'Tps RSUD', 'Jl. Bhayangkara, Sido Mulyo, Kec. Gading Cemp., Kota Bengkulu, Bengkulu 38211, Indonesia', 102.31375781941706, -3.835135416847812),
(2009, 'Tps balai buntar', 'JL. Cimanuk I, RT. 8 No. 99 C, Jl. Gedang, Kec. Gading Cemp., Kota Bengkulu, Bengkulu 38225, Indonesia', 102.29487584067466, -3.8221407089746253),
(2010, 'Tps dpan hotel bidadari', 'Pantai Panjang, Jl. Pariwisata, Tanah Patah, Kec. Ratu Agung, Kota Bengkulu, Bengkulu, Indonesia', 102.27357220837091, -3.820400409972972),
(2011, 'Tps berkas', 'Jl. Tembok Baru No.4A, Anggut Atas, Kec. Ratu Samban, Kota Bengkulu, Bengkulu, Indonesia', 102.25517686662269, -3.7993338364834655),
(2012, 'Tps kebun bler', 'Jl. Cemp. No.kel, Kebun Beler, Kec. Ratu Agung, Kota Bengkulu, Bengkulu 38223, Indonesia', 102.27125777769648, -3.8073852844464917),
(2013, 'Tps anggut', 'Kel Jl. Kenari No.6, RT.1, Anggut Dalam, Kec. Ratu Samban, Kota Bengkulu, Bengkulu 38222, Indonesia', 102.26124711074758, -3.798718154971445),
(2014, 'Tps kebun geran', 'Jl. Merpati No.23, Kebun Gerand, Kec. Ratu Samban, Kota Bengkulu, Bengkulu 38114, Indonesia', 102.26061316001658, -3.7946856343139426),
(2015, 'Tps Ptm', 'Jl. KZ Abidin II, Belakang Pd., Kec. Ratu Samban, Kota Bengkulu, Bengkulu 38222, Indonesia', 102.26679159108198, -3.794735577952867),
(2016, 'Tps memo', 'Jl. K.Z. Abidin No.1-43, Belakang Pd., Kec. Ratu Samban, Kota Bengkulu, Bengkulu 38222, Indonesia', 102.26685581609121, -3.792855415278063),
(2017, 'Tps Kz abidin I', 'Jl. K.Z. Abidin No.36, Belakang Pd., Kec. Ratu Samban, Kota Bengkulu, Bengkulu 38222, Indonesia', 102.26836268281642, -3.7921423483465904),
(2018, 'Tps Jitra', 'Jl. Rejamat No.20, Ps. Jitra, Kec. Tlk. Segara, Kota Bengkulu, Bengkulu, Indonesia', 102.25322517822572, -3.792689542634742),
(2019, 'Tps barukoto I', 'Pasar Baru Koto deretan paling ujung dekat Gerbang Naga, Malabero, Kec. Tlk. Segara, Kota Bengkulu, Bengkulu 38119, Indonesia', 102.25054773194252, -3.7878997838056865),
(2020, 'Tps barukoto II', 'Jl. Pasar Ikan No.169, Malabero, Kec. Tlk. Segara, Kota Bengkulu, Bengkulu, Indonesia', 102.24869199064844, -3.7891634571043618),
(2021, 'Tps pantai jakat', 'Jl. Ibnu Hajar No.13p, Kp. Bali, Kec. Tlk. Segara, Kota Bengkulu, Bengkulu 38119, Indonesia', 102.26175314314163, -3.782175418419137),
(2022, 'Tps kampung kelawi', 'Jl. Kalimantan I, Kp. Kelawi, Kec. Sungai Serut, Kota Bengkulu, Bengkulu 38117, Indonesia', 102.26566806562164, -3.7817727184940613),
(2023, 'Tps tanggul', 'Jl. Irian No.59, RT.02/RW.01, Tj. Agung, Kec. Sungai Serut, Kota Bengkulu, Bengkulu 38119, Indonesia', 102.2787929800492, -3.7814265870117687),
(2024, 'Tps pasar baru', 'Jembatan Pasar Bengkulu, Jl. Bencoolen, Rawa Makmur Permai, Muara Bangka Hulu, Bengkulu City, Bengkulu, Indonesia', 102.26466171428021, -3.7713187182867136),
(2025, 'Tps kualo', 'Jl. Bencoolen, Rw. Makmur Permai, Kec. Muara Bangka Hulu, Kota Bengkulu, Bengkulu, Indonesia', 102.26441570235966, -3.7669001544201293),
(2026, 'Tps stadion', 'Jl. Meranti I, Sawah Lebar Baru, Kec. Ratu Agung, Kota Bengkulu, Bengkulu 38222, Indonesia', 102.2734806717033, -3.7930201431513986),
(2027, 'Tps sawah lebar', 'Jl. Kemang Manis No.133, Padang Jati, Kec. Ratu Samban, Kota Bengkulu, Bengkulu 38222, Indonesia', 102.27637940620794, -3.7972994059056573),
(2028, 'Tps Tebeng', 'Jl. Karbela Raya No.75, Kebun Tebeng, Kec. Ratu Agung, Kota Bengkulu, Bengkulu 38223, Indonesia', 102.28170348808018, -3.802334156384958);

-- --------------------------------------------------------

--
-- Table structure for table `user`
--

CREATE TABLE `user` (
  `id_user` int(11) NOT NULL,
  `username` varchar(20) NOT NULL,
  `password` varchar(60) NOT NULL,
  `nama` varchar(64) NOT NULL
) ENGINE=InnoDB DEFAULT CHARSET=latin1;

--
-- Dumping data for table `user`
--

INSERT INTO `user` (`id_user`, `username`, `password`, `nama`) VALUES
(1, 'admin', 'admin', 'Admin');

--
-- Indexes for dumped tables
--

--
-- Indexes for table `angkutan`
--
ALTER TABLE `angkutan`
  ADD PRIMARY KEY (`id_ang`);

--
-- Indexes for table `antik`
--
ALTER TABLE `antik`
  ADD PRIMARY KEY (`id_antik`),
  ADD KEY `titik_1` (`titik_1`),
  ADD KEY `titik_2` (`titik_2`);

--
-- Indexes for table `antik_metode`
--
ALTER TABLE `antik_metode`
  ADD PRIMARY KEY (`id_antik`) USING BTREE,
  ADD KEY `titik_1` (`titik_1`) USING BTREE,
  ADD KEY `titik_2` (`titik_2`) USING BTREE;

--
-- Indexes for table `jalan`
--
ALTER TABLE `jalan`
  ADD PRIMARY KEY (`id_jalan`);

--
-- Indexes for table `supir`
--
ALTER TABLE `supir`
  ADD PRIMARY KEY (`id_supir`),
  ADD KEY `id_ang` (`id_ang`);

--
-- Indexes for table `titik`
--
ALTER TABLE `titik`
  ADD UNIQUE KEY `id` (`id`);

--
-- Indexes for table `tps`
--
ALTER TABLE `tps`
  ADD PRIMARY KEY (`id_tps`);

--
-- Indexes for table `user`
--
ALTER TABLE `user`
  ADD PRIMARY KEY (`id_user`);

--
-- AUTO_INCREMENT for dumped tables
--

--
-- AUTO_INCREMENT for table `angkutan`
--
ALTER TABLE `angkutan`
  MODIFY `id_ang` int(11) NOT NULL AUTO_INCREMENT, AUTO_INCREMENT=3;
--
-- AUTO_INCREMENT for table `antik`
--
ALTER TABLE `antik`
  MODIFY `id_antik` int(11) NOT NULL AUTO_INCREMENT, AUTO_INCREMENT=1063;
--
-- AUTO_INCREMENT for table `antik_metode`
--
ALTER TABLE `antik_metode`
  MODIFY `id_antik` int(11) NOT NULL AUTO_INCREMENT, AUTO_INCREMENT=1063;
--
-- AUTO_INCREMENT for table `titik`
--
ALTER TABLE `titik`
  MODIFY `id` int(11) NOT NULL AUTO_INCREMENT;
--
-- AUTO_INCREMENT for table `tps`
--
ALTER TABLE `tps`
  MODIFY `id_tps` int(11) NOT NULL AUTO_INCREMENT, AUTO_INCREMENT=2029;
/*!40101 SET CHARACTER_SET_CLIENT=@OLD_CHARACTER_SET_CLIENT */;
/*!40101 SET CHARACTER_SET_RESULTS=@OLD_CHARACTER_SET_RESULTS */;
/*!40101 SET COLLATION_CONNECTION=@OLD_COLLATION_CONNECTION */;
